club,name,age,nationality,position,short_pos,market_value,dealing_club,dealing_country,fee,movement,window,league,season,is_loan,loan_status
Cercle Brugge ,Junior Kabananga,24,DR Congo,Centre-Forward,CF,200000.0,Anderlecht U21,Belgium,0.0,in,summer,Jupiler Pro League,2013,False,
Cercle Brugge ,Gaetano Monachello,19,Italy,Centre-Forward,CF,400000.0,Monaco,France,0.0,in,summer,Jupiler Pro League,2013,True,free loan
Cercle Brugge ,Joris Delle,23,France,Goalkeeper,GK,2000000.0,OGC Nice,France,0.0,in,summer,Jupiler Pro League,2013,True,free loan
Cercle Brugge ,Thibaut Van Acker,21,Belgium,Defensive Midfield,DM,700000.0,Club Brugge,Belgium,,in,summer,Jupiler Pro League,2013,False,
Cercle Brugge ,Gael Etock,19,Cameroon,Centre-Forward,CF,300000.0,Sporting B,Portugal,,in,summer,Jupiler Pro League,2013,False,
Cercle Brugge ,Bart Buysse,26,Belgium,Left-Back,LB,800000.0,Club Brugge,Belgium,,in,summer,Jupiler Pro League,2013,False,
Cercle Brugge ,Kevin Janssens,27,Belgium,Attacking Midfield,AM,300000.0,Eendracht Aalst,Belgium,0.0,out,summer,Jupiler Pro League,2013,False,
Cercle Brugge ,Brecht Van Der Beke,19,Belgium,Central Midfield,CM,75000.0,KMSK Deinze,Belgium,0.0,out,summer,Jupiler Pro League,2013,False,
Cercle Brugge ,Rudy,24,Angola,Central Midfield,CM,800000.0,Dep. La Coruña,Spain,0.0,out,summer,Jupiler Pro League,2013,False,
Cercle Brugge ,Mitchell Braafhart,18,Netherlands,Goalkeeper,GK,50000.0,Zaamslag,Netherlands,0.0,out,summer,Jupiler Pro League,2013,False,
Cercle Brugge ,Anthony Portier,31,Belgium,Centre-Back,CB,300000.0,Union SG,Belgium,0.0,out,summer,Jupiler Pro League,2013,False,
Cercle Brugge ,Joey Godee,24,Netherlands,Centre-Forward,CF,500000.0,Go Ahead Eagles,Netherlands,0.0,out,summer,Jupiler Pro League,2013,True,free loan
Cercle Brugge ,Niels Mestdagh,20,Belgium,Left-Back,LB,150000.0,VW Hamme,Belgium,0.0,out,summer,Jupiler Pro League,2013,True,free loan
Cercle Brugge ,Arne Naudts,19,Belgium,Centre-Forward,CF,200000.0,RC Mechelen,Belgium,0.0,out,summer,Jupiler Pro League,2013,True,free loan
Cercle Brugge ,Francis Dickoh,30,Ghana,Centre-Back,CB,650000.0,Without Club,,,out,summer,Jupiler Pro League,2013,False,
Cercle Brugge ,Bernt Evens,34,Belgium,Left-Back,LB,200000.0,Retired,,,out,summer,Jupiler Pro League,2013,False,
Cercle Brugge ,William Carvalho,21,Portugal,Defensive Midfield,DM,700000.0,Sporting CP,Portugal,0.0,out,summer,Jupiler Pro League,2013,True,end of loan
Cercle Brugge ,Mushaga Bakenga,20,Norway,Centre-Forward,CF,1700000.0,Club Brugge,Belgium,0.0,out,summer,Jupiler Pro League,2013,True,end of loan
Cercle Brugge ,Joaquín Boghossian,26,Uruguay,Centre-Forward,CF,800000.0,RB Salzburg,Austria,0.0,out,summer,Jupiler Pro League,2013,True,end of loan
Cercle Brugge ,Ismaïla N'Diaye,25,Senegal,Defensive Midfield,DM,600000.0,KV Kortrijk,Belgium,0.0,in,winter,Jupiler Pro League,2013,False,
Cercle Brugge ,Nuno Reis,22,Portugal,Centre-Back,CB,1800000.0,Sporting B,Portugal,0.0,in,winter,Jupiler Pro League,2013,True,free loan
Cercle Brugge ,Dennes De Kegel,20,Belgium,Right Winger,RW,,KRC Genk U19,Belgium,,in,winter,Jupiler Pro League,2013,False,
Cercle Brugge ,Grégory Mertens,22,Belgium,Centre-Back,CB,800000.0,KSC Lokeren,Belgium,700000.0,out,winter,Jupiler Pro League,2013,False,
Cercle Brugge ,Lukas Van Eenoo,22,Belgium,Central Midfield,CM,900000.0,OH Leuven,Belgium,0.0,out,winter,Jupiler Pro League,2013,True,free loan
Cercle Brugge ,Bram Verbist,30,Belgium,Goalkeeper,GK,750000.0,Bröndby IF,Denmark,0.0,out,winter,Jupiler Pro League,2013,False,
Cercle Brugge ,Thomas Goddeeris,21,Belgium,Centre-Back,CB,50000.0,KM Torhout,Belgium,0.0,out,winter,Jupiler Pro League,2013,True,free loan
Cercle Brugge ,Koenraad Hendrickx,20,Belgium,Centre-Back,CB,100000.0,KVW Zaventem,Belgium,0.0,out,winter,Jupiler Pro League,2013,True,free loan
Cercle Brugge ,Papa Ibrahima Sène,23,Senegal,Centre-Forward,CF,150000.0,KFC Oosterzonen,Belgium,0.0,out,winter,Jupiler Pro League,2013,True,free loan
Club Brugge KV,Tom De Sutter,28,Belgium,Centre-Forward,CF,2500000.0,RSC Anderlecht,Belgium,2500000.0,in,summer,Jupiler Pro League,2013,False,
Club Brugge KV,Waldemar Sobota,26,Poland,Central Midfield,CM,1250000.0,Slask Wroclaw,Poland,1000000.0,in,summer,Jupiler Pro League,2013,False,
Club Brugge KV,Timmy Simons,36,Belgium,Defensive Midfield,DM,900000.0,1.FC Nuremberg,Germany,500000.0,in,summer,Jupiler Pro League,2013,False,
Club Brugge KV,Kehinde Fatai,23,Nigeria,Centre-Forward,CF,2500000.0,Astra Giurgiu,Romania,400000.0,in,summer,Jupiler Pro League,2013,True,loan with fee
Club Brugge KV,Spyros Fourlanos,19,Greece,Defensive Midfield,DM,300000.0,Panathinaikos,Greece,340000.0,in,summer,Jupiler Pro League,2013,False,
Club Brugge KV,Mathew Ryan,21,Australia,Goalkeeper,GK,1000000.0,Central Coast,Australia,125000.0,in,summer,Jupiler Pro League,2013,False,
Club Brugge KV,Elton Monteiro,19,Portugal,Centre-Back,CB,,Arsenal,England,0.0,in,summer,Jupiler Pro League,2013,False,
Club Brugge KV,Shangyuan Wang,20,China,Defensive Midfield,DM,100000.0,BJ Sangao,China,0.0,in,summer,Jupiler Pro League,2013,False,
Club Brugge KV,Valentinos Vlachos,21,Greece,Right-Back,RB,450000.0,AEK Athens,Greece,0.0,in,summer,Jupiler Pro League,2013,False,
Club Brugge KV,Carlos Bacca,26,Colombia,Centre-Forward,CF,8000000.0,Sevilla FC,Spain,10000000.0,out,summer,Jupiler Pro League,2013,False,
Club Brugge KV,Jordi Figueras,26,Spain,Centre-Back,CB,2500000.0,Real Betis,Spain,300000.0,out,summer,Jupiler Pro League,2013,False,
Club Brugge KV,Michael Almebäck,25,Sweden,Centre-Back,CB,1000000.0,Bröndby IF,Denmark,230000.0,out,summer,Jupiler Pro League,2013,False,
Club Brugge KV,Dorge Kouemaha,30,Cameroon,Centre-Forward,CF,900000.0,Adana Demirspor,Turkey,0.0,out,summer,Jupiler Pro League,2013,False,
Club Brugge KV,Fries Deschilder,20,Belgium,Central Midfield,CM,200000.0,FC Eindhoven,Netherlands,0.0,out,summer,Jupiler Pro League,2013,False,
Club Brugge KV,Jordan Botaka,20,DR Congo,Right Winger,RW,150000.0,Excelsior,Netherlands,0.0,out,summer,Jupiler Pro League,2013,False,
Club Brugge KV,Carl Hoefkens,34,Belgium,Right-Back,RB,500000.0,Lierse SK,Belgium,0.0,out,summer,Jupiler Pro League,2013,False,
Club Brugge KV,Pietro Perdichizzi,20,Belgium,Centre-Back,CB,250000.0,KSV Roeselare,Belgium,,out,summer,Jupiler Pro League,2013,False,
Club Brugge KV,Zinho Gano,19,Belgium,Centre-Forward,CF,100000.0,Lommel United,Belgium,0.0,out,summer,Jupiler Pro League,2013,True,free loan
Club Brugge KV,Jimmy De Jonghe,22,Belgium,Left-Back,LB,250000.0,KSV Roeselare,Belgium,0.0,out,summer,Jupiler Pro League,2013,True,free loan
Club Brugge KV,Ivan Trickovski,26,North Macedonia,Centre-Forward,CF,1000000.0,Waasl.-Beveren,Belgium,0.0,out,summer,Jupiler Pro League,2013,True,free loan
Club Brugge KV,Colin Coosemans,20,Belgium,Goalkeeper,GK,800000.0,Waasl.-Beveren,Belgium,,out,summer,Jupiler Pro League,2013,False,
Club Brugge KV,Bart Buysse,26,Belgium,Left-Back,LB,800000.0,Cercle Brugge,Belgium,,out,summer,Jupiler Pro League,2013,False,
Club Brugge KV,Jimmy De Jonghe,21,Belgium,Left-Back,LB,400000.0,Lierse SK,Belgium,0.0,out,summer,Jupiler Pro League,2013,True,free loan
Club Brugge KV,Björn Vleminckx,27,Belgium,Centre-Forward,CF,3500000.0,K. Erciyesspor,Turkey,,out,summer,Jupiler Pro League,2013,False,
Club Brugge KV,Thibaut Van Acker,21,Belgium,Defensive Midfield,DM,700000.0,Cercle Brugge,Belgium,,out,summer,Jupiler Pro League,2013,False,
Club Brugge KV,Jannes Vansteenkiste,20,Belgium,Left-Back,LB,250000.0,Royal Antwerp,Belgium,,out,summer,Jupiler Pro League,2013,False,
Club Brugge KV,Bojan Jorgacevic,31,Serbia,Goalkeeper,GK,1000000.0,K. Erciyesspor,Turkey,,out,summer,Jupiler Pro League,2013,False,
Club Brugge KV,Ryan Donk,27,Suriname,Centre-Back,CB,3500000.0,Kasimpasa,Turkey,,out,summer,Jupiler Pro League,2013,False,
Club Brugge KV,Mushaga Bakenga,21,Norway,Centre-Forward,CF,1500000.0,Esbjerg fB,Denmark,0.0,out,summer,Jupiler Pro League,2013,True,free loan
Club Brugge KV,Nicolás Castillo,20,Chile,Centre-Forward,CF,150000.0,CDUC,Chile,3000000.0,in,winter,Jupiler Pro League,2013,False,
Club Brugge KV,Spyros Fourlanos,20,Greece,Defensive Midfield,DM,300000.0,AEL Kalloni,Greece,0.0,out,winter,Jupiler Pro League,2013,True,free loan
Club Brugge KV,Valentinos Vlachos,21,Greece,Right-Back,RB,450000.0,Aris Saloniki,Greece,0.0,out,winter,Jupiler Pro League,2013,True,free loan
Club Brugge KV,Elton Monteiro,19,Portugal,Centre-Back,CB,300000.0,Coimbra,Portugal,0.0,out,winter,Jupiler Pro League,2013,True,free loan
Club Brugge KV,Enoch Kofi Adu,23,Ghana,Defensive Midfield,DM,1200000.0,Stabæk Fotball,Norway,0.0,out,winter,Jupiler Pro League,2013,True,free loan
KAA Gent,Nicklas Pedersen,25,Denmark,Centre-Forward,CF,2000000.0,KV Mechelen,Belgium,1700000.0,in,summer,Jupiler Pro League,2013,False,
KAA Gent,Sloan Privat,24,French Guiana,Centre-Forward,CF,2500000.0,FC Sochaux,France,1500000.0,in,summer,Jupiler Pro League,2013,False,
KAA Gent,Brecht Dejaegere,22,Belgium,Central Midfield,CM,1200000.0,KV Kortrijk,Belgium,1200000.0,in,summer,Jupiler Pro League,2013,False,
KAA Gent,Nana Asare,26,Ghana,Left-Back,LB,2000000.0,FC Utrecht,Netherlands,900000.0,in,summer,Jupiler Pro League,2013,False,
KAA Gent,Leandro González Pírez,21,Argentina,Centre-Back,CB,1250000.0,River Plate,Argentina,100000.0,in,summer,Jupiler Pro League,2013,True,loan with fee
KAA Gent,Carlos Diogo,29,Uruguay,Right-Back,RB,400000.0,SD Huesca,Spain,0.0,in,summer,Jupiler Pro League,2013,False,
KAA Gent,Nicolas Delporte,20,Belgium,Left-Back,LB,,Standard U21,Belgium,,in,summer,Jupiler Pro League,2013,False,
KAA Gent,David Hubert,25,Belgium,Defensive Midfield,DM,2000000.0,KRC Genk,Belgium,,in,summer,Jupiler Pro League,2013,False,
KAA Gent,Sébastien Locigno,17,Belgium,Right-Back,RB,,Standard U21,Belgium,,in,summer,Jupiler Pro League,2013,False,
KAA Gent,Ilombe Mboyo,26,Belgium,Centre-Forward,CF,5000000.0,KRC Genk,Belgium,4500000.0,out,summer,Jupiler Pro League,2013,False,
KAA Gent,Ibrahima Conté,22,Guinea,Attacking Midfield,AM,1000000.0,Zulte Waregem,Belgium,600000.0,out,summer,Jupiler Pro League,2013,False,
KAA Gent,Milan Savic,19,Serbia,Centre-Back,CB,100000.0,Hoogstraten VV,Belgium,0.0,out,summer,Jupiler Pro League,2013,True,free loan
KAA Gent,Christian Brüls,24,Belgium,Attacking Midfield,AM,2000000.0,OGC Nice,France,0.0,out,summer,Jupiler Pro League,2013,True,free loan
KAA Gent,Melli,29,Spain,Centre-Back,CB,1200000.0,FC Sheriff,Moldova,0.0,out,summer,Jupiler Pro League,2013,False,
KAA Gent,Sebastien Phiri,23,Belgium,Defensive Midfield,DM,,Unknown,,0.0,out,summer,Jupiler Pro League,2013,False,
KAA Gent,Wouter Corstjens,26,Belgium,Centre-Back,CB,600000.0,Lierse SK,Belgium,0.0,out,summer,Jupiler Pro League,2013,True,free loan
KAA Gent,Shlomi Arbeitman,28,Israel,Centre-Forward,CF,750000.0,RAEC Mons,Belgium,,out,summer,Jupiler Pro League,2013,False,
KAA Gent,Zakaria M'Sila,21,Morocco,Central Midfield,CM,200000.0,Hoogstraten VV,Belgium,0.0,out,summer,Jupiler Pro League,2013,True,free loan
KAA Gent,Elimane Coulibaly,33,Senegal,Centre-Forward,CF,400000.0,KV Kortrijk,Belgium,0.0,out,summer,Jupiler Pro League,2013,True,free loan
KAA Gent,Tom Boere,20,Netherlands,Centre-Forward,CF,200000.0,Hoogstraten VV,Belgium,0.0,out,summer,Jupiler Pro League,2013,True,free loan
KAA Gent,Mamoutou N'Diaye,23,Mali,Central Midfield,CM,800000.0,Zulte Waregem,Belgium,,out,summer,Jupiler Pro League,2013,False,
KAA Gent,Mohamed Messoudi,29,Morocco,Attacking Midfield,AM,700000.0,OH Leuven,Belgium,,out,summer,Jupiler Pro League,2013,False,
KAA Gent,Thomas Foket,18,Belgium,Right-Back,RB,600000.0,KV Oostende,Belgium,0.0,out,summer,Jupiler Pro League,2013,True,free loan
KAA Gent,Jordan Remacle,26,Belgium,Right Winger,RW,1200000.0,KSC Lokeren,Belgium,,out,summer,Jupiler Pro League,2013,False,
KAA Gent,Benito Raman,18,Belgium,Left Winger,LW,1000000.0,KV Kortrijk,Belgium,0.0,out,summer,Jupiler Pro League,2013,True,free loan
KAA Gent,Stijn De Smet,28,Belgium,Attacking Midfield,AM,800000.0,KV Kortrijk,Belgium,,out,summer,Jupiler Pro League,2013,False,
KAA Gent,Bernd Thijs,35,Belgium,Defensive Midfield,DM,150000.0,Retired,,,out,summer,Jupiler Pro League,2013,False,
KAA Gent,Wallace,26,Brazil,Left-Back,LB,600000.0,Without Club,,,out,summer,Jupiler Pro League,2013,False,
KAA Gent,Jorge López,34,Spain,Right Winger,RW,500000.0,Without Club,,,out,summer,Jupiler Pro League,2013,False,
KAA Gent,David Hubert,25,Belgium,Defensive Midfield,DM,2000000.0,KRC Genk,Belgium,0.0,out,summer,Jupiler Pro League,2013,True,end of loan
KAA Gent,Habib Habibou,26,Central African Republic,Centre-Forward,CF,1000000.0,Zulte Waregem,Belgium,1600000.0,in,winter,Jupiler Pro League,2013,False,
KAA Gent,Ante Puljic,26,Croatia,Centre-Back,CB,600000.0,NK Lokomotiva,Croatia,1000000.0,in,winter,Jupiler Pro League,2013,False,
KAA Gent,Matz Sels,21,Belgium,Goalkeeper,GK,900000.0,Lierse SK,Belgium,810000.0,in,winter,Jupiler Pro League,2013,False,
KAA Gent,Danijel Milicevic,28,Bosnia-Herzegovina,Attacking Midfield,AM,650000.0,RSC Charleroi,Belgium,800000.0,in,winter,Jupiler Pro League,2013,False,
KAA Gent,Uros Vitas,21,Serbia,Centre-Back,CB,850000.0,Rad,Serbia,500000.0,in,winter,Jupiler Pro League,2013,False,
KAA Gent,Zié Diabaté,24,Cote d'Ivoire,Left-Back,LB,400000.0,Dijon,France,0.0,in,winter,Jupiler Pro League,2013,True,free loan
KAA Gent,César Arzo,27,Spain,Centre-Back,CB,2500000.0,Real Zaragoza,Spain,0.0,out,winter,Jupiler Pro League,2013,False,
KAA Gent,Pau Cendrós,26,Spain,Right-Back,RB,1200000.0,Alcorcón,Spain,0.0,out,winter,Jupiler Pro League,2013,False,
KAA Gent,Milan Savic,19,Serbia,Centre-Back,CB,100000.0,OFK Beograd,Serbia,0.0,out,winter,Jupiler Pro League,2013,False,
KAA Gent,Yassine El Ghanassy,23,Belgium,Left Winger,LW,2500000.0,Al-Ain FC,United Arab Emirates,0.0,out,winter,Jupiler Pro League,2013,True,free loan
KAA Gent,Rodgers Kola,24,Zambia,Centre-Forward,CF,600000.0,Kiryat Shmona,Israel,0.0,out,winter,Jupiler Pro League,2013,True,free loan
KAA Gent,Rémi Maréval,30,Martinique,Left-Back,LB,1000000.0,M. Tel Aviv,Israel,0.0,out,winter,Jupiler Pro League,2013,True,free loan
KAA Gent,David Hubert,25,Belgium,Defensive Midfield,DM,2000000.0,H. Beer Sheva,Israel,0.0,out,winter,Jupiler Pro League,2013,True,free loan
KAA Gent,Frank Boeckx,27,Belgium,Goalkeeper,GK,800000.0,Without Club,,,out,winter,Jupiler Pro League,2013,False,
KAA Gent,Carlos Diogo,30,Uruguay,Right-Back,RB,800000.0,Without Club,,,out,winter,Jupiler Pro League,2013,False,
KRC Genk,Ilombe Mboyo,26,Belgium,Centre-Forward,CF,5000000.0,KAA Gent,Belgium,4500000.0,in,summer,Jupiler Pro League,2013,False,
KRC Genk,Albian Muzaqi,18,Netherlands,Centre-Forward,CF,50000.0,PSV U19,Netherlands,500000.0,in,summer,Jupiler Pro League,2013,False,
KRC Genk,Elyaniv Barda,31,Israel,Centre-Forward,CF,1000000.0,H. Beer Sheva,Israel,0.0,out,summer,Jupiler Pro League,2013,False,
KRC Genk,Leandro Trossard,18,Belgium,Left Winger,LW,200000.0,KVC Westerlo,Belgium,0.0,out,summer,Jupiler Pro League,2013,True,free loan
KRC Genk,Jentl Gaethofs,20,Belgium,Left Winger,LW,200000.0,Lommel United,Belgium,,out,summer,Jupiler Pro League,2013,False,
KRC Genk,David Hubert,25,Belgium,Defensive Midfield,DM,2000000.0,KAA Gent,Belgium,,out,summer,Jupiler Pro League,2013,False,
KRC Genk,Grzegorz Sandomierski,23,Poland,Goalkeeper,GK,750000.0,Dinamo Zagreb,Croatia,0.0,out,summer,Jupiler Pro League,2013,True,free loan
KRC Genk,Nadson,28,Brazil,Centre-Back,CB,1000000.0,KS Samara,Russia,,out,summer,Jupiler Pro League,2013,False,
KRC Genk,Kennedy Nwanganga,23,Nigeria,Central Midfield,CM,500000.0,KVC Westerlo,Belgium,0.0,out,summer,Jupiler Pro League,2013,True,free loan
KRC Genk,Glynor Plet,26,Netherlands,Centre-Forward,CF,2000000.0,Twente FC,Netherlands,0.0,out,summer,Jupiler Pro League,2013,True,end of loan
KRC Genk,Sekou Cissé,28,Cote d'Ivoire,Centre-Forward,CF,1250000.0,Feyenoord,Netherlands,0.0,in,winter,Jupiler Pro League,2013,False,
KRC Genk,Anthony Limbombe,19,Belgium,Left Winger,LW,800000.0,Lierse SK,Belgium,0.0,out,winter,Jupiler Pro League,2013,True,free loan
KRC Genk,Jordy Croux,19,Belgium,Right Winger,RW,500000.0,OH Leuven,Belgium,0.0,out,winter,Jupiler Pro League,2013,True,free loan
KRC Genk,Torben Joneleit,26,Germany,Centre-Back,CB,250000.0,Retired,,,out,winter,Jupiler Pro League,2013,False,
KSC Lokeren,Djordje Despotovic,21,Serbia,Centre-Forward,CF,750000.0,Spartak,Serbia,360000.0,in,summer,Jupiler Pro League,2013,False,
KSC Lokeren,Hans Vanaken,20,Belgium,Attacking Midfield,AM,400000.0,Lommel United,Belgium,175000.0,in,summer,Jupiler Pro League,2013,False,
KSC Lokeren,Davino Verhulst,25,Belgium,Goalkeeper,GK,450000.0,Sint-Truiden,Belgium,,in,summer,Jupiler Pro League,2013,False,
KSC Lokeren,Denis Odoi,25,Belgium,Right-Back,RB,1300000.0,RSC Anderlecht,Belgium,,in,summer,Jupiler Pro League,2013,False,
KSC Lokeren,Jordan Remacle,26,Belgium,Right Winger,RW,1200000.0,KAA Gent,Belgium,,in,summer,Jupiler Pro League,2013,False,
KSC Lokeren,Benjamin Mokulu,23,DR Congo,Centre-Forward,CF,1200000.0,KV Mechelen,Belgium,0.0,out,summer,Jupiler Pro League,2013,False,
KSC Lokeren,Ruben Ketels,20,Belgium,defence,defence,50000.0,VW Hamme,Belgium,0.0,out,summer,Jupiler Pro League,2013,False,
KSC Lokeren,Hassan El Mouataz,31,Morocco,Left-Back,LB,300000.0,Raja Casablanca,Morocco,0.0,out,summer,Jupiler Pro League,2013,False,
KSC Lokeren,Walter Fernández,24,Spain,Left Winger,LW,600000.0,Petrolul,Romania,0.0,out,summer,Jupiler Pro League,2013,True,free loan
KSC Lokeren,Sepp De Roover,28,Belgium,Right-Back,RB,800000.0,NAC Breda,Netherlands,,out,summer,Jupiler Pro League,2013,False,
KSC Lokeren,Milos Maric,31,Serbia,Central Midfield,CM,700000.0,Waasl.-Beveren,Belgium,,out,summer,Jupiler Pro League,2013,False,
KSC Lokeren,Tiko,32,DR Congo,Defensive Midfield,DM,200000.0,Without Club,,,out,summer,Jupiler Pro League,2013,False,
KSC Lokeren,Paolo Grbac,22,Croatia,Attacking Midfield,AM,150000.0,Without Club,,,out,summer,Jupiler Pro League,2013,False,
KSC Lokeren,Ibrahima Gueyé,35,Senegal,Centre-Back,CB,100000.0,Without Club,,,out,summer,Jupiler Pro League,2013,False,
KSC Lokeren,Grégory Mertens,22,Belgium,Centre-Back,CB,800000.0,Cercle Brugge,Belgium,700000.0,in,winter,Jupiler Pro League,2013,False,
KSC Lokeren,Onur Kaya,27,Belgium,Attacking Midfield,AM,800000.0,RSC Charleroi,Belgium,500000.0,in,winter,Jupiler Pro League,2013,False,
KSC Lokeren,Jérémy Taravel,26,France,Centre-Back,CB,2000000.0,Dinamo Zagreb,Croatia,1600000.0,out,winter,Jupiler Pro League,2013,False,
KSC Lokeren,Enes Saglik,22,Belgium,Central Midfield,CM,700000.0,RSC Charleroi,Belgium,,out,winter,Jupiler Pro League,2013,False,
KSC Lokeren,Ivan Leko,36,Croatia,Attacking Midfield,AM,150000.0,Retired,,,out,winter,Jupiler Pro League,2013,False,
KV Kortrijk,Robert Klaasen,19,Netherlands,Defensive Midfield,DM,50000.0,AZ Alkmaar,Netherlands,0.0,in,summer,Jupiler Pro League,2013,False,
KV Kortrijk,Teddy Chevalier,26,France,Centre-Forward,CF,1000000.0,RKC Waalwijk,Netherlands,0.0,in,summer,Jupiler Pro League,2013,False,
KV Kortrijk,Zarko Tomasevic,23,Montenegro,Centre-Back,CB,500000.0,Partizan,Serbia,0.0,in,summer,Jupiler Pro League,2013,False,
KV Kortrijk,Maxime Chanot,23,Luxembourg,Centre-Back,CB,500000.0,Beerschot AC,Belgium,0.0,in,summer,Jupiler Pro League,2013,False,
KV Kortrijk,Ivan Santini,24,Croatia,Centre-Forward,CF,600000.0,NK Zadar,Croatia,0.0,in,summer,Jupiler Pro League,2013,False,
KV Kortrijk,Elimane Coulibaly,33,Senegal,Centre-Forward,CF,400000.0,KAA Gent,Belgium,0.0,in,summer,Jupiler Pro League,2013,True,free loan
KV Kortrijk,Michaël Heylen,19,Belgium,Centre-Back,CB,250000.0,RSC Anderlecht,Belgium,0.0,in,summer,Jupiler Pro League,2013,True,free loan
KV Kortrijk,Benito Raman,18,Belgium,Left Winger,LW,1000000.0,KAA Gent,Belgium,0.0,in,summer,Jupiler Pro League,2013,True,free loan
KV Kortrijk,Stijn De Smet,28,Belgium,Attacking Midfield,AM,800000.0,KAA Gent,Belgium,,in,summer,Jupiler Pro League,2013,False,
KV Kortrijk,Branimir Petrovic,31,Serbia,Central Midfield,CM,200000.0,Without Club,,,in,summer,Jupiler Pro League,2013,False,
KV Kortrijk,Patrick Deman,45,Belgium,Goalkeeper,GK,,Retired,,,in,summer,Jupiler Pro League,2013,False,
KV Kortrijk,Brecht Dejaegere,22,Belgium,Central Midfield,CM,1200000.0,KAA Gent,Belgium,1200000.0,out,summer,Jupiler Pro League,2013,False,
KV Kortrijk,Stefan Mitrovic,23,Serbia,Centre-Back,CB,1100000.0,Benfica,Portugal,1100000.0,out,summer,Jupiler Pro League,2013,False,
KV Kortrijk,David Wijns,26,Belgium,Right-Back,RB,400000.0,OH Leuven,Belgium,0.0,out,summer,Jupiler Pro League,2013,False,
KV Kortrijk,Ernest N'For,27,Cameroon,Centre-Forward,CF,1200000.0,Neftchi Baku,Azerbaijan,0.0,out,summer,Jupiler Pro League,2013,False,
KV Kortrijk,Jorgen Rogiers,19,Belgium,Goalkeeper,GK,50000.0,KVK Avelgem,Belgium,0.0,out,summer,Jupiler Pro League,2013,False,
KV Kortrijk,Kévin Dupuis,26,France,Centre-Forward,CF,400000.0,LB Châteauroux,France,0.0,out,summer,Jupiler Pro League,2013,True,free loan
KV Kortrijk,Landry Mulemo,26,DR Congo,Left-Back,LB,700000.0,B. Jerusalem,Israel,,out,summer,Jupiler Pro League,2013,False,
KV Kortrijk,Mario Carevic,31,Croatia,Left Midfield,LM,300000.0,Without Club,,,out,summer,Jupiler Pro League,2013,False,
KV Kortrijk,Pablo Chavarría,25,Argentina,Centre-Forward,CF,1000000.0,RSC Anderlecht,Belgium,0.0,out,summer,Jupiler Pro League,2013,True,end of loan
KV Kortrijk,Michael Clepkens,27,Belgium,Goalkeeper,GK,350000.0,Waasl.-Beveren,Belgium,,in,winter,Jupiler Pro League,2013,False,
KV Kortrijk,Ismaïla N'Diaye,25,Senegal,Defensive Midfield,DM,600000.0,Cercle Brugge,Belgium,0.0,out,winter,Jupiler Pro League,2013,False,
KV Kortrijk,Alassane També,21,Mali,Right-Back,RB,600000.0,Royal Antwerp,Belgium,0.0,out,winter,Jupiler Pro League,2013,True,free loan
KV Kortrijk,Jimmy Kamghain,21,France,Left Winger,LW,350000.0,KSV Roeselare,Belgium,0.0,out,winter,Jupiler Pro League,2013,True,free loan
KV Kortrijk,Romain Reynaud,30,France,Centre-Back,CB,750000.0,OH Leuven,Belgium,0.0,out,winter,Jupiler Pro League,2013,True,free loan
KV Mechelen,Seweryn Michalski,18,Poland,Centre-Back,CB,50000.0,GKS Belchatow,Poland,350000.0,in,summer,Jupiler Pro League,2013,False,
KV Mechelen,Benjamin Mokulu,23,DR Congo,Centre-Forward,CF,1200000.0,KSC Lokeren,Belgium,0.0,in,summer,Jupiler Pro League,2013,False,
KV Mechelen,Glenn Claes,19,Belgium,Attacking Midfield,AM,100000.0,Lierse SK,Belgium,,in,summer,Jupiler Pro League,2013,False,
KV Mechelen,Sören Ihssen,17,Germany,Goalkeeper,GK,,White Star,Belgium,,in,summer,Jupiler Pro League,2013,False,
KV Mechelen,Viktor Prodell,25,Sweden,Centre-Forward,CF,275000.0,Atvidaberg,Sweden,,in,summer,Jupiler Pro League,2013,False,
KV Mechelen,Aleksandar Trajkovski,20,North Macedonia,Left Winger,LW,700000.0,Zulte Waregem,Belgium,0.0,in,summer,Jupiler Pro League,2013,True,free loan
KV Mechelen,Wilson Kamavuaka,23,DR Congo,Defensive Midfield,DM,450000.0,Without Club,,,in,summer,Jupiler Pro League,2013,False,
KV Mechelen,Nicklas Pedersen,25,Denmark,Centre-Forward,CF,2000000.0,KAA Gent,Belgium,1700000.0,out,summer,Jupiler Pro League,2013,False,
KV Mechelen,Robin Henkens,24,Belgium,Central Midfield,CM,700000.0,Waasl.-Beveren,Belgium,0.0,out,summer,Jupiler Pro League,2013,False,
KV Mechelen,Jaime Alfonso Ruiz,29,Colombia,Centre-Forward,CF,250000.0,KVC Westerlo,Belgium,0.0,out,summer,Jupiler Pro League,2013,False,
KV Mechelen,Liroy Zhairi,24,Israel,Defensive Midfield,DM,400000.0,Bnei Yehuda,Israel,0.0,out,summer,Jupiler Pro League,2013,False,
KV Mechelen,Kenny Van Hoevelen,30,Belgium,Centre-Back,CB,500000.0,RKC Waalwijk,Netherlands,0.0,out,summer,Jupiler Pro League,2013,True,free loan
KV Mechelen,Tom Pietermaat,20,Belgium,Defensive Midfield,DM,200000.0,RC Mechelen,Belgium,,out,summer,Jupiler Pro League,2013,False,
KV Mechelen,Olivier Renard,34,Belgium,Goalkeeper,GK,500000.0,RSC Charleroi,Belgium,0.0,out,summer,Jupiler Pro League,2013,True,free loan
KV Mechelen,Jonas Laureys,22,Belgium,Attacking Midfield,AM,100000.0,Rupel Boom,Belgium,,out,summer,Jupiler Pro League,2013,False,
KV Mechelen,Boris Pandza,26,Bosnia-Herzegovina,Centre-Back,CB,1000000.0,Without Club,,,out,summer,Jupiler Pro League,2013,False,
KV Mechelen,Milos Kosanovic,23,Serbia,Centre-Back,CB,300000.0,Cracovia,Poland,300000.0,in,winter,Jupiler Pro League,2013,False,
KV Mechelen,Jonathan Legear,26,Belgium,Right Winger,RW,2000000.0,Terek Grozny,Russia,0.0,in,winter,Jupiler Pro League,2013,False,
KV Mechelen,Lamisha Musonda,21,Belgium,Central Midfield,CM,,Chelsea,England,0.0,in,winter,Jupiler Pro League,2013,False,
KV Mechelen,Ivan Obradovic,25,Serbia,Left-Back,LB,500000.0,Without Club,,,in,winter,Jupiler Pro League,2013,False,
KV Mechelen,Wilson Kamavuaka,23,DR Congo,Defensive Midfield,DM,450000.0,Without Club,,,in,winter,Jupiler Pro League,2013,False,
KV Mechelen,Wannes Van Tricht,20,Belgium,Central Midfield,CM,500000.0,ASV Geel,Belgium,0.0,out,winter,Jupiler Pro League,2013,True,free loan
KV Mechelen,Seweryn Michalski,19,Poland,Centre-Back,CB,350000.0,Jagiellonia,Poland,0.0,out,winter,Jupiler Pro League,2013,True,free loan
KV Mechelen,Viktor Prodell,26,Sweden,Centre-Forward,CF,400000.0,Elfsborg,Sweden,0.0,out,winter,Jupiler Pro League,2013,True,free loan
KV Mechelen,Olivier Renard,34,Belgium,Goalkeeper,GK,500000.0,Retired,,,out,winter,Jupiler Pro League,2013,False,
KV Oostende,Jonathan Wilmet,27,Belgium,Attacking Midfield,AM,350000.0,KVC Westerlo,Belgium,200000.0,in,summer,Jupiler Pro League,2013,False,
KV Oostende,Jimmy Hempte,31,Belgium,Left-Back,LB,450000.0,Roda JC,Netherlands,0.0,in,summer,Jupiler Pro League,2013,False,
KV Oostende,Tom Van Imschoot,31,Belgium,Defensive Midfield,DM,350000.0,RAEC Mons,Belgium,0.0,in,summer,Jupiler Pro League,2013,False,
KV Oostende,Gertjan Martens,24,Belgium,Centre-Back,CB,250000.0,Waasl.-Beveren,Belgium,0.0,in,summer,Jupiler Pro League,2013,False,
KV Oostende,Frédéric Brillant,28,France,Centre-Back,CB,600000.0,Beerschot AC,Belgium,0.0,in,summer,Jupiler Pro League,2013,False,
KV Oostende,Cédric Berthelin,36,France,Goalkeeper,GK,250000.0,RAEC Mons,Belgium,0.0,in,summer,Jupiler Pro League,2013,False,
KV Oostende,Dennis Dessaer,30,Belgium,Centre-Back,CB,200000.0,White Star,Belgium,,in,summer,Jupiler Pro League,2013,False,
KV Oostende,Thomas Foket,18,Belgium,Right-Back,RB,600000.0,KAA Gent,Belgium,0.0,in,summer,Jupiler Pro League,2013,True,free loan
KV Oostende,Nyasha Mushekwi,25,Zimbabwe,Centre-Forward,CF,500000.0,Sundowns,South Africa,0.0,in,summer,Jupiler Pro League,2013,True,free loan
KV Oostende,Fernando Canesin,21,Brazil,Attacking Midfield,AM,1000000.0,RSC Anderlecht,Belgium,0.0,in,summer,Jupiler Pro League,2013,True,free loan
KV Oostende,Jordan Lukaku,19,Belgium,Left-Back,LB,600000.0,RSC Anderlecht,Belgium,0.0,in,summer,Jupiler Pro League,2013,True,free loan
KV Oostende,Franck Berrier,29,France,Attacking Midfield,AM,2500000.0,Zulte Waregem,Belgium,,in,summer,Jupiler Pro League,2013,False,
KV Oostende,Peter Sladek,24,Slovakia,Attacking Midfield,AM,325000.0,Spartak Myjava,Slovakia,0.0,in,summer,Jupiler Pro League,2013,True,free loan
KV Oostende,Ádám Vass,25,Hungary,Defensive Midfield,DM,800000.0,Without Club,,,in,summer,Jupiler Pro League,2013,False,
KV Oostende,Kyliaan Butsraen,19,Belgium,Attacking Midfield,AM,,KAA Gent U21,Belgium,,in,summer,Jupiler Pro League,2013,False,
KV Oostende,Jamaïque Vandamme,27,Belgium,Attacking Midfield,AM,250000.0,Union SG,Belgium,0.0,out,summer,Jupiler Pro League,2013,False,
KV Oostende,Dylan Vanneste,20,Belgium,Centre-Back,CB,50000.0,KWS Oudenburg,Belgium,0.0,out,summer,Jupiler Pro League,2013,False,
KV Oostende,Franco Simoës,21,Belgium,Defensive Midfield,DM,50000.0,KVV Coxyde,Belgium,0.0,out,summer,Jupiler Pro League,2013,False,
KV Oostende,Lander Van Steenbrugghe,26,Belgium,Attacking Midfield,AM,300000.0,Eendracht Aalst,Belgium,,out,summer,Jupiler Pro League,2013,False,
KV Oostende,Lionel Gendarme,24,Belgium,Left-Back,LB,200000.0,Union SG,Belgium,,out,summer,Jupiler Pro League,2013,False,
KV Oostende,Mahamadou Dissa,34,Mali,Centre-Forward,CF,100000.0,Géants Athois,Belgium,,out,summer,Jupiler Pro League,2013,False,
KV Oostende,Gertjan Martens,24,Belgium,Centre-Back,CB,250000.0,Waasl.-Beveren,Belgium,0.0,out,summer,Jupiler Pro League,2013,True,end of loan
KV Oostende,Andile Jali,23,South Africa,Defensive Midfield,DM,800000.0,Orlando Pirates,South Africa,1140000.0,in,winter,Jupiler Pro League,2013,False,
KV Oostende,Fede Vico,19,Spain,Attacking Midfield,AM,1500000.0,RSC Anderlecht,Belgium,0.0,in,winter,Jupiler Pro League,2013,True,free loan
KV Oostende,Peter Sladek,24,Slovakia,Attacking Midfield,AM,325000.0,Spartak Myjava,Slovakia,0.0,in,winter,Jupiler Pro League,2013,True,free loan
KV Oostende,Ádám Vass,25,Hungary,Defensive Midfield,DM,800000.0,Without Club,,,in,winter,Jupiler Pro League,2013,False,
KV Oostende,Didier Ovono,30,Gabon,Goalkeeper,GK,300000.0,Without Club,,,in,winter,Jupiler Pro League,2013,False,
KV Oostende,Wouter Moreels,28,Belgium,Second Striker,SS,200000.0,KMSK Deinze,Belgium,0.0,out,winter,Jupiler Pro League,2013,True,free loan
KV Oostende,Ádám Vass,25,Hungary,Defensive Midfield,DM,800000.0,MTK Budapest,Hungary,0.0,out,winter,Jupiler Pro League,2013,False,
KV Oostende,Yohan Brouckaert,26,Belgium,Right Midfield,RM,600000.0,Mouscron,Belgium,,out,winter,Jupiler Pro League,2013,False,
KV Oostende,Nicaise Kudimbana,26,DR Congo,Goalkeeper,GK,300000.0,RSC Anderlecht,Belgium,0.0,out,winter,Jupiler Pro League,2013,True,free loan
KV Oostende,Guillaume Dequaire,23,France,Centre-Back,CB,200000.0,Without Club,,,out,winter,Jupiler Pro League,2013,False,
KV Oostende,Kyliaan Butsraen,20,Belgium,Attacking Midfield,AM,,KM Torhout,Belgium,,out,winter,Jupiler Pro League,2013,False,
Lierse SK,Hernán Losada,31,Argentina,Attacking Midfield,AM,1000000.0,Beerschot AC,Belgium,0.0,in,summer,Jupiler Pro League,2013,False,
Lierse SK,Rachid Farssi,28,Belgium,Left Midfield,LM,600000.0,Waasl.-Beveren,Belgium,0.0,in,summer,Jupiler Pro League,2013,False,
Lierse SK,Wanderson,18,Brazil,Right Winger,RW,200000.0,Beerschot AC,Belgium,0.0,in,summer,Jupiler Pro League,2013,False,
Lierse SK,Steven Verheyen,17,Belgium,Goalkeeper,GK,,Beerschot U19,Belgium,0.0,in,summer,Jupiler Pro League,2013,False,
Lierse SK,Hossam Ghaly,31,Egypt,Central Midfield,CM,1000000.0,El Ahly,Egypt,0.0,in,summer,Jupiler Pro League,2013,False,
Lierse SK,Ahmed Yasser,21,Egypt,Right Winger,RW,,Wadi Degla,Egypt,0.0,in,summer,Jupiler Pro League,2013,False,
Lierse SK,Wouter Corstjens,26,Belgium,Centre-Back,CB,600000.0,KAA Gent,Belgium,0.0,in,summer,Jupiler Pro League,2013,True,free loan
Lierse SK,Igor Berezovskyi,22,Ukraine,Goalkeeper,GK,400000.0,Legia Warszawa,Poland,0.0,in,summer,Jupiler Pro League,2013,False,
Lierse SK,Bruno,20,Brazil,Centre-Forward,CF,,Desp. Brasil,Brazil,0.0,in,summer,Jupiler Pro League,2013,False,
Lierse SK,Souleymane Baba Diomandé,21,Cote d'Ivoire,midfield,midfield,,Paris FC,France,0.0,in,summer,Jupiler Pro League,2013,False,
Lierse SK,Carl Hoefkens,34,Belgium,Right-Back,RB,500000.0,Club Brugge,Belgium,0.0,in,summer,Jupiler Pro League,2013,False,
Lierse SK,Tony Watt,19,Scotland,Centre-Forward,CF,1250000.0,Celtic,Scotland,0.0,in,summer,Jupiler Pro League,2013,True,free loan
Lierse SK,Hamari Traoré,21,Mali,Right-Back,RB,,Paris FC,France,0.0,in,summer,Jupiler Pro League,2013,False,
Lierse SK,Jimmy De Jonghe,21,Belgium,Left-Back,LB,400000.0,Club Brugge,Belgium,0.0,in,summer,Jupiler Pro League,2013,True,free loan
Lierse SK,Enar Jääger,28,Estonia,Centre-Back,CB,600000.0,Without Club,,,in,summer,Jupiler Pro League,2013,False,
Lierse SK,Daouda Diakité,30,Burkina Faso,Goalkeeper,GK,200000.0,CF Mounana,Gabon,0.0,out,summer,Jupiler Pro League,2013,False,
Lierse SK,Hussein Yasser,30,Qatar,Attacking Midfield,AM,400000.0,Al-Wakrah SC,Qatar,0.0,out,summer,Jupiler Pro League,2013,False,
Lierse SK,Soufiane Bidaoui,23,Morocco,Left Winger,LW,500000.0,Parma,Italy,0.0,out,summer,Jupiler Pro League,2013,False,
Lierse SK,Niels Vets,21,Belgium,Centre-Back,CB,75000.0,Fortuna Sittard,Netherlands,0.0,out,summer,Jupiler Pro League,2013,False,
Lierse SK,Cofie Bekoe,25,Ghana,Left Winger,LW,300000.0,Al-Ittihad,Libya,0.0,out,summer,Jupiler Pro League,2013,False,
Lierse SK,Nick Spaenhoven,20,Belgium,Left Midfield,LM,50000.0,KV Turnhout,Belgium,0.0,out,summer,Jupiler Pro League,2013,False,
Lierse SK,Dodo Elgabas,25,Egypt,Centre-Forward,CF,600000.0,Swindon Town,England,0.0,out,summer,Jupiler Pro League,2013,False,
Lierse SK,Daylon Claasen,23,South Africa,Right Winger,RW,800000.0,Lech Poznan,Poland,0.0,out,summer,Jupiler Pro League,2013,False,
Lierse SK,Yassine Benali,21,Belgium,Centre-Back,CB,,KV Turnhout,Belgium,0.0,out,summer,Jupiler Pro League,2013,False,
Lierse SK,Miguel Dachelet,25,Belgium,Centre-Back,CB,500000.0,KSK Heist,Belgium,0.0,out,summer,Jupiler Pro League,2013,False,
Lierse SK,Lennert Vanherberghen,23,Belgium,Centre-Back,CB,100000.0,Dessel Sport,Belgium,0.0,out,summer,Jupiler Pro League,2013,True,free loan
Lierse SK,Abou Mosalem,32,Egypt,Left-Back,LB,300000.0,T. Beni Suef,Egypt,0.0,out,summer,Jupiler Pro League,2013,False,
Lierse SK,Glenn Claes,19,Belgium,Attacking Midfield,AM,100000.0,KV Mechelen,Belgium,,out,summer,Jupiler Pro League,2013,False,
Lierse SK,Jason Adesanya,20,Belgium,Centre-Forward,CF,400000.0,ASV Geel,Belgium,,out,summer,Jupiler Pro League,2013,False,
Lierse SK,Kris De Wree,32,Belgium,Right-Back,RB,100000.0,Retired,,,out,summer,Jupiler Pro League,2013,False,
Lierse SK,Ibrahim Ayew,25,Ghana,Right-Back,RB,500000.0,Without Club,,,out,summer,Jupiler Pro League,2013,False,
Lierse SK,Uros Palibrk,21,Slovenia,Left Winger,LW,100000.0,AC Milan,Italy,0.0,out,summer,Jupiler Pro League,2013,True,end of loan
Lierse SK,Ouka,29,Egypt,Centre-Back,CB,700000.0,Wadi Degla,Egypt,0.0,out,summer,Jupiler Pro League,2013,True,end of loan
Lierse SK,William Mensah,30,Ghana,Centre-Back,CB,200000.0,Wadi Degla,Egypt,0.0,out,summer,Jupiler Pro League,2013,True,end of loan
Lierse SK,Ashour El Teki,32,Egypt,Attacking Midfield,AM,300000.0,Wadi Degla,Egypt,0.0,out,summer,Jupiler Pro League,2013,True,end of loan
Lierse SK,Mostafa Shebeita,27,Egypt,Defensive Midfield,DM,250000.0,Wadi Degla,Egypt,0.0,out,summer,Jupiler Pro League,2013,True,end of loan
Lierse SK,Essam Mahmoud,36,Egypt,Goalkeeper,GK,100000.0,Wadi Degla,Egypt,0.0,out,summer,Jupiler Pro League,2013,True,end of loan
Lierse SK,Richard Ofori,20,Ghana,Left-Back,LB,250000.0,Tudu Mighty Jet,Ghana,0.0,out,summer,Jupiler Pro League,2013,True,end of loan
Lierse SK,Christian Pouga,27,Cameroon,Centre-Forward,CF,800000.0,OH Leuven,Belgium,0.0,out,summer,Jupiler Pro League,2013,True,end of loan
Lierse SK,Saladin Said,24,Ethiopia,Centre-Forward,CF,200000.0,Wadi Degla,Egypt,0.0,out,summer,Jupiler Pro League,2013,True,end of loan
Lierse SK,Anthony Limbombe,19,Belgium,Left Winger,LW,800000.0,KRC Genk,Belgium,0.0,in,winter,Jupiler Pro League,2013,True,free loan
Lierse SK,Louay Wael,21,Egypt,Centre-Back,CB,,KV Turnhout,Belgium,0.0,in,winter,Jupiler Pro League,2013,False,
Lierse SK,Faysel Kasmi,18,Belgium,Right Winger,RW,,JMG Lier,Belgium,0.0,in,winter,Jupiler Pro League,2013,False,
Lierse SK,Mbaye Diagne,22,Senegal,Centre-Forward,CF,300000.0,Juventus,Italy,0.0,in,winter,Jupiler Pro League,2013,True,free loan
Lierse SK,Ahmed El Messaoudi,18,Morocco,Defensive Midfield,DM,,JMG Lier,Belgium,,in,winter,Jupiler Pro League,2013,False,
Lierse SK,Anas Tahiri,18,Belgium,Central Midfield,CM,,JMG Lier,Belgium,,in,winter,Jupiler Pro League,2013,False,
Lierse SK,Matz Sels,21,Belgium,Goalkeeper,GK,900000.0,KAA Gent,Belgium,810000.0,out,winter,Jupiler Pro League,2013,False,
Lierse SK,Ahmed Yasser,22,Egypt,Right Winger,RW,100000.0,Wadi Degla,Egypt,0.0,out,winter,Jupiler Pro League,2013,False,
Lierse SK,Bruno,21,Brazil,Centre-Forward,CF,100000.0,Dessel Sport,Belgium,0.0,out,winter,Jupiler Pro League,2013,True,free loan
Lierse SK,Ahmed Samir Farag,27,Egypt,Left-Back,LB,600000.0,Zamalek,Egypt,0.0,out,winter,Jupiler Pro League,2013,False,
Lierse SK,Abou Mosalem,32,Egypt,Left-Back,LB,300000.0,T. Beni Suef,Egypt,0.0,out,winter,Jupiler Pro League,2013,False,
Lierse SK,Benjamin Lambot,26,Belgium,Centre-Back,CB,650000.0,Simurq,Azerbaijan,,out,winter,Jupiler Pro League,2013,False,
Oud-Heverlee Leuven,Ivan Bandalovski,26,Bulgaria,Right-Back,RB,1350000.0,CSKA Sofia,Bulgaria,0.0,in,summer,Jupiler Pro League,2013,False,
Oud-Heverlee Leuven,David Wijns,26,Belgium,Right-Back,RB,400000.0,KV Kortrijk,Belgium,0.0,in,summer,Jupiler Pro League,2013,False,
Oud-Heverlee Leuven,Muhamed Subasic,25,Bosnia-Herzegovina,Left-Back,LB,300000.0,FK Olimpik,Bosnia-Herzegovina,0.0,in,summer,Jupiler Pro League,2013,True,free loan
Oud-Heverlee Leuven,Tom Pettersson,23,Sweden,Centre-Back,CB,200000.0,Atvidaberg,Sweden,0.0,in,summer,Jupiler Pro League,2013,True,free loan
Oud-Heverlee Leuven,Mohamed Messoudi,29,Morocco,Attacking Midfield,AM,700000.0,KAA Gent,Belgium,,in,summer,Jupiler Pro League,2013,False,
Oud-Heverlee Leuven,Marvin Ogunjimi,25,Belgium,Centre-Forward,CF,1000000.0,RCD Mallorca,Spain,0.0,in,summer,Jupiler Pro League,2013,True,free loan
Oud-Heverlee Leuven,Jovan Kostovski,26,North Macedonia,Centre-Forward,CF,500000.0,Vardar,North Macedonia,,in,summer,Jupiler Pro League,2013,False,
Oud-Heverlee Leuven,Douglas Maia,24,Brazil,Right Midfield,RM,,Without Club,,,in,summer,Jupiler Pro League,2013,False,
Oud-Heverlee Leuven,Derick Ogbu,23,Nigeria,Centre-Forward,CF,1200000.0,CFR Cluj,Romania,500000.0,out,summer,Jupiler Pro League,2013,False,
Oud-Heverlee Leuven,Jonas De Roeck,33,Belgium,Centre-Back,CB,200000.0,Royal Antwerp,Belgium,0.0,out,summer,Jupiler Pro League,2013,False,
Oud-Heverlee Leuven,Koen Weuts,22,Belgium,Centre-Back,CB,700000.0,Helmond Sport,Netherlands,0.0,out,summer,Jupiler Pro League,2013,False,
Oud-Heverlee Leuven,Tomislav Mikulic,31,Croatia,Centre-Back,CB,400000.0,Panthrakikos,Greece,0.0,out,summer,Jupiler Pro League,2013,False,
Oud-Heverlee Leuven,Jorn Vermeulen,26,Belgium,Right Midfield,RM,400000.0,Waasl.-Beveren,Belgium,0.0,out,summer,Jupiler Pro League,2013,False,
Oud-Heverlee Leuven,Dean Michiels,21,Belgium,Goalkeeper,GK,50000.0,KSK Heist,Belgium,0.0,out,summer,Jupiler Pro League,2013,False,
Oud-Heverlee Leuven,Christian Pouga,27,Cameroon,Centre-Forward,CF,700000.0,Ankaraspor,Turkey,,out,summer,Jupiler Pro League,2013,False,
Oud-Heverlee Leuven,Nicky Hayen,32,Belgium,Centre-Back,CB,200000.0,FCV Dender EH,Belgium,,out,summer,Jupiler Pro League,2013,False,
Oud-Heverlee Leuven,Loris Brogno,20,Belgium,Right Winger,RW,150000.0,Lommel United,Belgium,0.0,out,summer,Jupiler Pro League,2013,True,free loan
Oud-Heverlee Leuven,Christopher Verbist,21,Belgium,Right Winger,RW,250000.0,Lommel United,Belgium,0.0,out,summer,Jupiler Pro League,2013,True,free loan
Oud-Heverlee Leuven,Ibou,27,The Gambia,Left Winger,LW,1700000.0,Muaither SC,Qatar,0.0,out,summer,Jupiler Pro League,2013,True,free loan
Oud-Heverlee Leuven,Emmerik De Vriese,28,Belgium,midfield,midfield,200000.0,Without Club,,,out,summer,Jupiler Pro League,2013,False,
Oud-Heverlee Leuven,Mazin Ahmed Al-Huthayfi,27,Saudi Arabia,Left Winger,LW,100000.0,Ahli,Saudi Arabia,0.0,out,summer,Jupiler Pro League,2013,True,end of loan
Oud-Heverlee Leuven,Lukas Van Eenoo,22,Belgium,Central Midfield,CM,900000.0,Cercle Brugge,Belgium,0.0,in,winter,Jupiler Pro League,2013,True,free loan
Oud-Heverlee Leuven,Jordy Croux,19,Belgium,Right Winger,RW,500000.0,KRC Genk,Belgium,0.0,in,winter,Jupiler Pro League,2013,True,free loan
Oud-Heverlee Leuven,Romain Reynaud,30,France,Centre-Back,CB,750000.0,KV Kortrijk,Belgium,0.0,in,winter,Jupiler Pro League,2013,True,free loan
Oud-Heverlee Leuven,Stefán Gíslason,33,Iceland,Defensive Midfield,DM,400000.0,Breidablik,Iceland,0.0,out,winter,Jupiler Pro League,2013,False,
Oud-Heverlee Leuven,Cédric Buekers,19,Belgium,Left-Back,LB,150000.0,KSK Heist,Belgium,0.0,out,winter,Jupiler Pro League,2013,True,free loan
Oud-Heverlee Leuven,Thomas Azevedo,22,Belgium,Left Winger,LW,650000.0,Go Ahead Eagles,Netherlands,0.0,out,winter,Jupiler Pro League,2013,True,free loan
RAEC Mons,Yuval Spungin,26,Israel,Right-Back,RB,700000.0,Omonia Nikosia,Cyprus,0.0,in,summer,Jupiler Pro League,2013,False,
RAEC Mons,Christopher Ombessa,20,Belgium,midfield,midfield,,FC Péruwelz,Belgium,0.0,in,summer,Jupiler Pro League,2013,False,
RAEC Mons,Richard Soumah,26,Guinea,Left-Back,LB,500000.0,Stade Brest 29,France,0.0,in,summer,Jupiler Pro League,2013,False,
RAEC Mons,Harry Novillo,21,Martinique,Left Winger,LW,250000.0,Olympique Lyon,France,0.0,in,summer,Jupiler Pro League,2013,False,
RAEC Mons,Joachim Mununga,25,Belgium,Right Winger,RW,650000.0,Beerschot AC,Belgium,,in,summer,Jupiler Pro League,2013,False,
RAEC Mons,Shlomi Arbeitman,28,Israel,Centre-Forward,CF,750000.0,KAA Gent,Belgium,,in,summer,Jupiler Pro League,2013,False,
RAEC Mons,Christophe Diandy,22,Senegal,Defensive Midfield,DM,850000.0,RSC Anderlecht,Belgium,,in,summer,Jupiler Pro League,2013,False,
RAEC Mons,Steve Beleck,20,Cameroon,Centre-Forward,CF,900000.0,Udinese Calcio,Italy,0.0,in,summer,Jupiler Pro League,2013,True,free loan
RAEC Mons,Jérémy Perbet,28,France,Centre-Forward,CF,2500000.0,Villarreal,Spain,1400000.0,out,summer,Jupiler Pro League,2013,False,
RAEC Mons,Aloys Nong,29,Cameroon,Centre-Forward,CF,1000000.0,Levante,Spain,300000.0,out,summer,Jupiler Pro League,2013,False,
RAEC Mons,Tom Van Imschoot,31,Belgium,Defensive Midfield,DM,350000.0,KV Oostende,Belgium,0.0,out,summer,Jupiler Pro League,2013,False,
RAEC Mons,Cédric Berthelin,36,France,Goalkeeper,GK,250000.0,KV Oostende,Belgium,0.0,out,summer,Jupiler Pro League,2013,False,
RAEC Mons,Matthieu Debisschop,29,France,Defensive Midfield,DM,400000.0,SC Feignies,France,0.0,out,summer,Jupiler Pro League,2013,False,
RAEC Mons,Kieran Felix,23,France,Centre-Back,CB,,KRC Gent,Belgium,0.0,out,summer,Jupiler Pro League,2013,False,
RAEC Mons,Quentin Pottiez,22,Belgium,Right Winger,RW,100000.0,RFC Tournai,Belgium,,out,summer,Jupiler Pro League,2013,False,
RAEC Mons,Quentin Louagé,19,Belgium,Centre-Back,CB,,SVZW U21,Belgium,,out,summer,Jupiler Pro League,2013,False,
RAEC Mons,Carlo Chueca del Río,20,Peru,Attacking Midfield,AM,50000.0,Chivas USA,United States,,out,summer,Jupiler Pro League,2013,False,
RAEC Mons,Shlomi Arbeitman,28,Israel,Centre-Forward,CF,700000.0,KAA Gent,Belgium,0.0,out,summer,Jupiler Pro League,2013,True,end of loan
RAEC Mons,Pär Ericsson,25,Sweden,Centre-Forward,CF,400000.0,IFK Göteborg,Sweden,0.0,in,winter,Jupiler Pro League,2013,False,
RAEC Mons,Zola Matumona,32,DR Congo,Left Midfield,LM,650000.0,1º de Agosto,Angola,,in,winter,Jupiler Pro League,2013,False,
RAEC Mons,Bahattin Köse,23,Turkey,Centre-Forward,CF,200000.0,Akhisar Belediye,Turkey,0.0,out,winter,Jupiler Pro League,2013,False,
RSC Anderlecht,Aleksandar Mitrovic,18,Serbia,Centre-Forward,CF,3000000.0,Partizan,Serbia,5000000.0,in,summer,Jupiler Pro League,2013,False,
RSC Anderlecht,Luka Milivojevic,22,Serbia,Defensive Midfield,DM,2500000.0,Red Star,Serbia,2700000.0,in,summer,Jupiler Pro League,2013,False,
RSC Anderlecht,Fede Vico,18,Spain,Attacking Midfield,AM,1500000.0,Córdoba CF,Spain,1500000.0,in,summer,Jupiler Pro League,2013,False,
RSC Anderlecht,Frank Acheampong,19,Ghana,Left Winger,LW,1000000.0,Buriram Utd.,Thailand,1000000.0,in,summer,Jupiler Pro League,2013,False,
RSC Anderlecht,Fabrice N'Sakala,23,DR Congo,Left-Back,LB,1750000.0,Troyes,France,420000.0,in,summer,Jupiler Pro League,2013,False,
RSC Anderlecht,Dieumerci Mbokani,27,DR Congo,Centre-Forward,CF,10000000.0,Dynamo Kyiv,Ukraine,11000000.0,out,summer,Jupiler Pro League,2013,False,
RSC Anderlecht,Lucas Biglia,27,Argentina,Defensive Midfield,DM,8000000.0,Lazio,Italy,8400000.0,out,summer,Jupiler Pro League,2013,False,
RSC Anderlecht,Tom De Sutter,28,Belgium,Centre-Forward,CF,2500000.0,Club Brugge,Belgium,2500000.0,out,summer,Jupiler Pro League,2013,False,
RSC Anderlecht,Lukas Marecek,23,Czech Republic,Defensive Midfield,DM,1250000.0,Sparta Prague,Czech Republic,1100000.0,out,summer,Jupiler Pro League,2013,False,
RSC Anderlecht,Behrang Safari,28,Sweden,Left-Back,LB,2000000.0,FC Basel,Switzerland,1000000.0,out,summer,Jupiler Pro League,2013,False,
RSC Anderlecht,Pablo Chavarría,25,Argentina,Centre-Forward,CF,1000000.0,Lens,France,1000000.0,out,summer,Jupiler Pro League,2013,False,
RSC Anderlecht,Guillermo Molins,24,Sweden,Centre-Forward,CF,1000000.0,Malmö FF,Sweden,150000.0,out,summer,Jupiler Pro League,2013,False,
RSC Anderlecht,Marcin Wasilewski,33,Poland,Centre-Back,CB,700000.0,Leicester,England,0.0,out,summer,Jupiler Pro League,2013,False,
RSC Anderlecht,Oleksandr Yakovenko,25,Ukraine,Left Winger,LW,2000000.0,Fiorentina,Italy,0.0,out,summer,Jupiler Pro League,2013,False,
RSC Anderlecht,Ziguy Badibanga,21,Belgium,Right Winger,RW,650000.0,Ergotelis,Greece,0.0,out,summer,Jupiler Pro League,2013,False,
RSC Anderlecht,Roland Juhász,30,Hungary,Centre-Back,CB,2000000.0,Videoton FC,Hungary,0.0,out,summer,Jupiler Pro League,2013,False,
RSC Anderlecht,Jordan Garcia-Calvete,21,Belgium,Right Winger,RW,200000.0,De Graafschap,Netherlands,0.0,out,summer,Jupiler Pro League,2013,False,
RSC Anderlecht,Jordan Lukaku,19,Belgium,Left-Back,LB,600000.0,KV Oostende,Belgium,0.0,out,summer,Jupiler Pro League,2013,True,free loan
RSC Anderlecht,Michaël Heylen,19,Belgium,Centre-Back,CB,250000.0,KV Kortrijk,Belgium,0.0,out,summer,Jupiler Pro League,2013,True,free loan
RSC Anderlecht,Mehdi Tarfi,20,Belgium,Attacking Midfield,AM,150000.0,Zulte Waregem,Belgium,0.0,out,summer,Jupiler Pro League,2013,True,free loan
RSC Anderlecht,Dalibor Veselinovic,25,Serbia,Centre-Forward,CF,450000.0,Waasl.-Beveren,Belgium,0.0,out,summer,Jupiler Pro League,2013,True,free loan
RSC Anderlecht,Fernando Canesin,21,Brazil,Attacking Midfield,AM,1000000.0,KV Oostende,Belgium,0.0,out,summer,Jupiler Pro League,2013,True,free loan
RSC Anderlecht,Nathan Kabasele,19,Belgium,Centre-Forward,CF,250000.0,De Graafschap,Netherlands,0.0,out,summer,Jupiler Pro League,2013,True,free loan
RSC Anderlecht,Christophe Diandy,22,Senegal,Defensive Midfield,DM,850000.0,RAEC Mons,Belgium,,out,summer,Jupiler Pro League,2013,False,
RSC Anderlecht,Samuel Armenteros,23,Sweden,Centre-Forward,CF,1800000.0,Feyenoord,Netherlands,0.0,out,summer,Jupiler Pro League,2013,True,free loan
RSC Anderlecht,Denis Odoi,25,Belgium,Right-Back,RB,1300000.0,KSC Lokeren,Belgium,,out,summer,Jupiler Pro League,2013,False,
RSC Anderlecht,Jonathan Vervoort,19,Belgium,Centre-Back,CB,100000.0,RSC Charleroi,Belgium,,out,summer,Jupiler Pro League,2013,False,
RSC Anderlecht,René Sterckx,22,Belgium,Defensive Midfield,DM,400000.0,Waasl.-Beveren,Belgium,,out,summer,Jupiler Pro League,2013,False,
RSC Anderlecht,Milan Jovanovic,32,Serbia,Left Winger,LW,2500000.0,Retired,,,out,summer,Jupiler Pro League,2013,False,
RSC Anderlecht,Frank Acheampong,19,Ghana,Left Winger,LW,1000000.0,Buriram Utd.,Thailand,0.0,out,summer,Jupiler Pro League,2013,True,end of loan
RSC Anderlecht,David Pollet,25,Belgium,Centre-Forward,CF,1000000.0,RSC Charleroi,Belgium,2250000.0,in,winter,Jupiler Pro League,2013,False,
RSC Anderlecht,Nicaise Kudimbana,26,DR Congo,Goalkeeper,GK,300000.0,KV Oostende,Belgium,0.0,in,winter,Jupiler Pro League,2013,True,free loan
RSC Anderlecht,Fede Vico,19,Spain,Attacking Midfield,AM,1500000.0,KV Oostende,Belgium,0.0,out,winter,Jupiler Pro League,2013,True,free loan
RSC Charleroi,Stergos Marinos,25,Greece,Right-Back,RB,800000.0,Panathinaikos,Greece,0.0,in,summer,Jupiler Pro League,2013,False,
RSC Charleroi,Steeven Willems,22,France,Centre-Back,CB,,LOSC Lille B,France,0.0,in,summer,Jupiler Pro League,2013,False,
RSC Charleroi,Mohamed Mrabet,19,Belgium,Centre-Back,CB,,AFC Tubize,Belgium,0.0,in,summer,Jupiler Pro League,2013,False,
RSC Charleroi,Neeskens Kebano,21,DR Congo,Attacking Midfield,AM,400000.0,Paris SG,France,0.0,in,summer,Jupiler Pro League,2013,False,
RSC Charleroi,Evans Kondogbia,24,Central African Republic,Centre-Forward,CF,,RFC Lüttich,Belgium,,in,summer,Jupiler Pro League,2013,False,
RSC Charleroi,Jonathan Vervoort,19,Belgium,Centre-Back,CB,100000.0,RSC Anderlecht,Belgium,,in,summer,Jupiler Pro League,2013,False,
RSC Charleroi,Sébastien Dewaest,22,Belgium,Centre-Back,CB,250000.0,KSV Roeselare,Belgium,,in,summer,Jupiler Pro League,2013,False,
RSC Charleroi,Damien Marcq,24,France,Defensive Midfield,DM,500000.0,SM Caen,France,,in,summer,Jupiler Pro League,2013,False,
RSC Charleroi,Olivier Renard,34,Belgium,Goalkeeper,GK,500000.0,KV Mechelen,Belgium,0.0,in,summer,Jupiler Pro League,2013,True,free loan
RSC Charleroi,Mohamed Daf,19,Senegal,Central Midfield,CM,,Anderlecht U19,Belgium,,in,summer,Jupiler Pro League,2013,False,
RSC Charleroi,Mamadou Fall,21,Senegal,Right Winger,RW,,Port Autonme,Senegal,,in,summer,Jupiler Pro League,2013,False,
RSC Charleroi,Grégory Lazitch,21,Belgium,Defensive Midfield,DM,150000.0,White Star,Belgium,0.0,out,summer,Jupiler Pro League,2013,False,
RSC Charleroi,Elvedin Dzinic,27,Slovenia,Centre-Back,CB,500000.0,Botev Plovdiv,Bulgaria,0.0,out,summer,Jupiler Pro League,2013,False,
RSC Charleroi,Michalis Sifakis,28,Greece,Goalkeeper,GK,1000000.0,Atromitos Athen,Greece,0.0,out,summer,Jupiler Pro League,2013,False,
RSC Charleroi,Mory-Fallo Keïta,20,Guinea,Centre-Forward,CF,100000.0,ROC Charleroi-M.,Belgium,0.0,out,summer,Jupiler Pro League,2013,False,
RSC Charleroi,Matan Ohayon,27,Israel,Right-Back,RB,450000.0,Kiryat Shmona,Israel,0.0,out,summer,Jupiler Pro League,2013,False,
RSC Charleroi,Mijusko Bojovic,24,Montenegro,Centre-Back,CB,650000.0,Waasl.-Beveren,Belgium,,out,summer,Jupiler Pro League,2013,False,
RSC Charleroi,Samuel Fabris,22,Belgium,Defensive Midfield,DM,300000.0,White Star,Belgium,,out,summer,Jupiler Pro League,2013,False,
RSC Charleroi,Dorian Dessoleil,20,Belgium,Centre-Back,CB,150000.0,Sint-Truiden,Belgium,,out,summer,Jupiler Pro League,2013,False,
RSC Charleroi,Mamadou Fall,21,Senegal,Right Winger,RW,,White Star,Belgium,0.0,out,summer,Jupiler Pro League,2013,True,free loan
RSC Charleroi,Viktor Bopp,23,Germany,Central Midfield,CM,300000.0,Without Club,,,out,summer,Jupiler Pro League,2013,False,
RSC Charleroi,Leandro,28,Brazil,Defensive Midfield,DM,100000.0,Without Club,,,out,summer,Jupiler Pro League,2013,False,
RSC Charleroi,Omar Jarun,29,Palästina,Centre-Back,CB,150000.0,Without Club,,,out,summer,Jupiler Pro League,2013,False,
RSC Charleroi,Jordy Kamba Kalonga,20,Belgium,Centre-Forward,CF,25000.0,Without Club,,,out,summer,Jupiler Pro League,2013,False,
RSC Charleroi,Jean-Christophe Vergerolle,27,France,Left-Back,LB,300000.0,Without Club,,,out,summer,Jupiler Pro League,2013,False,
RSC Charleroi,Mynor Escoe,22,Costa Rica,Centre-Forward,CF,300000.0,Saprissa,Costa Rica,0.0,out,summer,Jupiler Pro League,2013,True,end of loan
RSC Charleroi,Christophe Diandy,22,Senegal,Defensive Midfield,DM,700000.0,RSC Anderlecht,Belgium,0.0,out,summer,Jupiler Pro League,2013,True,end of loan
RSC Charleroi,Ziguy Badibanga,21,Belgium,Right Winger,RW,750000.0,RSC Anderlecht,Belgium,0.0,out,summer,Jupiler Pro League,2013,True,end of loan
RSC Charleroi,Kamel Ghilas,29,Algeria,Second Striker,SS,600000.0,Stade Reims,France,0.0,in,winter,Jupiler Pro League,2013,False,
RSC Charleroi,Enes Saglik,22,Belgium,Central Midfield,CM,700000.0,KSC Lokeren,Belgium,,in,winter,Jupiler Pro League,2013,False,
RSC Charleroi,Salvatore Crimi,20,Belgium,Goalkeeper,GK,150000.0,Zulte Waregem,Belgium,0.0,in,winter,Jupiler Pro League,2013,True,free loan
RSC Charleroi,Clément Tainmont,27,France,Left Winger,LW,750000.0,LB Châteauroux,France,,in,winter,Jupiler Pro League,2013,False,
RSC Charleroi,Dieumerci Ndongala,22,DR Congo,Right Winger,RW,,UR La Louvière,Belgium,,in,winter,Jupiler Pro League,2013,False,
RSC Charleroi,Cédric Fauré,34,France,Centre-Forward,CF,200000.0,Guingamp,France,,in,winter,Jupiler Pro League,2013,False,
RSC Charleroi,David Pollet,25,Belgium,Centre-Forward,CF,1000000.0,RSC Anderlecht,Belgium,2250000.0,out,winter,Jupiler Pro League,2013,False,
RSC Charleroi,Danijel Milicevic,28,Bosnia-Herzegovina,Attacking Midfield,AM,650000.0,KAA Gent,Belgium,800000.0,out,winter,Jupiler Pro League,2013,False,
RSC Charleroi,Onur Kaya,27,Belgium,Attacking Midfield,AM,800000.0,KSC Lokeren,Belgium,500000.0,out,winter,Jupiler Pro League,2013,False,
RSC Charleroi,Vicente Arze,28,Bolivia,Attacking Midfield,AM,300000.0,Goverla,Ukraine,0.0,out,winter,Jupiler Pro League,2013,False,
RSC Charleroi,Harlem Gnohéré,25,France,Centre-Forward,CF,450000.0,Mouscron,Belgium,0.0,out,winter,Jupiler Pro League,2013,True,free loan
RSC Charleroi,Evans Kondogbia,24,Central African Republic,Centre-Forward,CF,100000.0,RC Mechelen,Belgium,0.0,out,winter,Jupiler Pro League,2013,True,free loan
SV Zulte Waregem,Ibrahima Conté,22,Guinea,Attacking Midfield,AM,1000000.0,KAA Gent,Belgium,600000.0,in,summer,Jupiler Pro League,2013,False,
SV Zulte Waregem,Idrissa Sylla,22,Guinea,Centre-Forward,CF,600000.0,Le Mans FC,France,150000.0,in,summer,Jupiler Pro League,2013,False,
SV Zulte Waregem,Frédéric Duplus,23,France,Right-Back,RB,400000.0,FC Sochaux,France,0.0,in,summer,Jupiler Pro League,2013,False,
SV Zulte Waregem,Junior Malanda,18,Belgium,Defensive Midfield,DM,4000000.0,VfL Wolfsburg,Germany,0.0,in,summer,Jupiler Pro League,2013,True,free loan
SV Zulte Waregem,Julien Toudic,27,France,Centre-Forward,CF,500000.0,Lens,France,0.0,in,summer,Jupiler Pro League,2013,False,
SV Zulte Waregem,Salvatore Crimi,19,Belgium,Goalkeeper,GK,,LOSC Lille B,France,0.0,in,summer,Jupiler Pro League,2013,False,
SV Zulte Waregem,Formose Mendy,19,Guinea-Bissau,Centre-Back,CB,,LOSC Lille B,France,0.0,in,summer,Jupiler Pro League,2013,False,
SV Zulte Waregem,Mamoutou N'Diaye,23,Mali,Central Midfield,CM,800000.0,KAA Gent,Belgium,,in,summer,Jupiler Pro League,2013,False,
SV Zulte Waregem,Bruno Godeau,21,Belgium,Centre-Back,CB,800000.0,Anderlecht U21,Belgium,,in,summer,Jupiler Pro League,2013,False,
SV Zulte Waregem,Raphaël Cacérès,25,France,Centre-Forward,CF,900000.0,AC Arles,France,,in,summer,Jupiler Pro League,2013,False,
SV Zulte Waregem,Sven Kums,25,Belgium,Central Midfield,CM,2000000.0,Heerenveen,Netherlands,,in,summer,Jupiler Pro League,2013,False,
SV Zulte Waregem,Mehdi Tarfi,20,Belgium,Attacking Midfield,AM,150000.0,RSC Anderlecht,Belgium,0.0,in,summer,Jupiler Pro League,2013,True,free loan
SV Zulte Waregem,Junior Malanda,18,Belgium,Defensive Midfield,DM,4000000.0,VfL Wolfsburg,Germany,1700000.0,out,summer,Jupiler Pro League,2013,False,
SV Zulte Waregem,Jeremy Bokila,24,DR Congo,Centre-Forward,CF,2800000.0,Terek Grozny,Russia,800000.0,out,summer,Jupiler Pro League,2013,False,
SV Zulte Waregem,Mansour Diop,23,Senegal,Central Midfield,CM,50000.0,White Star,Belgium,0.0,out,summer,Jupiler Pro League,2013,True,free loan
SV Zulte Waregem,Ouzin Ndoye,21,Senegal,Centre-Back,CB,50000.0,White Star,Belgium,0.0,out,summer,Jupiler Pro League,2013,True,free loan
SV Zulte Waregem,Jonathan Delaplace,27,France,Central Midfield,CM,2000000.0,LOSC Lille,France,0.0,out,summer,Jupiler Pro League,2013,False,
SV Zulte Waregem,Pavèl Verstraete,21,Belgium,Centre-Back,CB,,Ingelmunster,Belgium,0.0,out,summer,Jupiler Pro League,2013,False,
SV Zulte Waregem,Thomas Van Der Haegen,22,Belgium,Central Midfield,CM,100000.0,KMSK Deinze,Belgium,0.0,out,summer,Jupiler Pro League,2013,False,
SV Zulte Waregem,Jasper Otte,20,Belgium,Goalkeeper,GK,,Wetteren,Belgium,0.0,out,summer,Jupiler Pro League,2013,False,
SV Zulte Waregem,Ivan Lendric,22,Croatia,Centre-Forward,CF,600000.0,NK Lokomotiva,Croatia,0.0,out,summer,Jupiler Pro League,2013,False,
SV Zulte Waregem,Julien Toudic,27,France,Centre-Forward,CF,500000.0,Stade Lavallois,France,0.0,out,summer,Jupiler Pro League,2013,False,
SV Zulte Waregem,Jérémy Serwy,22,Belgium,Right Midfield,RM,400000.0,B. Dortmund II,Germany,,out,summer,Jupiler Pro League,2013,False,
SV Zulte Waregem,Hernán Hinostroza,19,Peru,Central Midfield,CM,500000.0,USM Porres,Peru,,out,summer,Jupiler Pro League,2013,False,
SV Zulte Waregem,Aleksandar Trajkovski,20,North Macedonia,Left Winger,LW,700000.0,KV Mechelen,Belgium,0.0,out,summer,Jupiler Pro League,2013,True,free loan
SV Zulte Waregem,Frédéric Gounongbe,25,Benin,Centre-Forward,CF,150000.0,RWDM Brussels,Belgium,,out,summer,Jupiler Pro League,2013,False,
SV Zulte Waregem,Franck Berrier,29,France,Attacking Midfield,AM,2500000.0,KV Oostende,Belgium,,out,summer,Jupiler Pro League,2013,False,
SV Zulte Waregem,David Vandenbroeck,27,Belgium,Centre-Back,CB,400000.0,Without Club,,,out,summer,Jupiler Pro League,2013,False,
SV Zulte Waregem,Pietro Perdichizzi,20,Belgium,Centre-Back,CB,250000.0,Club Brugge,Belgium,0.0,out,summer,Jupiler Pro League,2013,True,end of loan
SV Zulte Waregem,Jimmy De Jonghe,21,Belgium,Left-Back,LB,400000.0,Club Brugge,Belgium,0.0,out,summer,Jupiler Pro League,2013,True,end of loan
SV Zulte Waregem,Bruno Godeau,21,Belgium,Centre-Back,CB,800000.0,Anderlecht U21,Belgium,0.0,out,summer,Jupiler Pro League,2013,True,end of loan
SV Zulte Waregem,Ibrahima Conté,22,Guinea,Attacking Midfield,AM,1000000.0,KAA Gent,Belgium,0.0,out,summer,Jupiler Pro League,2013,True,end of loan
SV Zulte Waregem,Roberto Chen,19,Panama,Centre-Back,CB,400000.0,Málaga CF,Spain,0.0,in,winter,Jupiler Pro League,2013,True,free loan
SV Zulte Waregem,Bobley Anderson,21,Cote d'Ivoire,Attacking Midfield,AM,1000000.0,Málaga CF,Spain,0.0,in,winter,Jupiler Pro League,2013,True,free loan
SV Zulte Waregem,Marvin Pourié,23,Germany,Centre-Forward,CF,900000.0,FC Copenhagen,Denmark,0.0,in,winter,Jupiler Pro League,2013,True,free loan
SV Zulte Waregem,Fabrice Olinga,17,Cameroon,Left Winger,LW,1000000.0,Apol. Limassol,Cyprus,0.0,in,winter,Jupiler Pro League,2013,True,free loan
SV Zulte Waregem,Habib Habibou,26,Central African Republic,Centre-Forward,CF,1000000.0,KAA Gent,Belgium,1600000.0,out,winter,Jupiler Pro League,2013,False,
SV Zulte Waregem,Tjakke Stevens,20,Belgium,Central Midfield,CM,50000.0,KM Torhout,Belgium,0.0,out,winter,Jupiler Pro League,2013,True,free loan
SV Zulte Waregem,Salvatore Crimi,20,Belgium,Goalkeeper,GK,150000.0,RSC Charleroi,Belgium,0.0,out,winter,Jupiler Pro League,2013,True,free loan
Standard Liège,Yohann Thuram,24,Guadeloupe,Goalkeeper,GK,2000000.0,Troyes,France,1750000.0,in,summer,Jupiler Pro League,2013,False,
Standard Liège,Mehdi Carcela-González,24,Morocco,Right Winger,RW,4500000.0,Anzhi,Russia,1000000.0,in,summer,Jupiler Pro League,2013,False,
Standard Liège,Igor de Camargo,30,Belgium,Centre-Forward,CF,2250000.0,TSG Hoffenheim,Germany,100000.0,in,summer,Jupiler Pro League,2013,False,
Standard Liège,Tal Ben Haim,31,Israel,Centre-Back,CB,1000000.0,QPR,England,0.0,in,summer,Jupiler Pro League,2013,False,
Standard Liège,Ronnie Stam,29,Netherlands,Right-Back,RB,1500000.0,Wigan,England,0.0,in,summer,Jupiler Pro League,2013,False,
Standard Liège,Alpaslan Öztürk,19,Turkey,Centre-Back,CB,1500000.0,Beerschot AC,Belgium,0.0,in,summer,Jupiler Pro League,2013,False,
Standard Liège,Alessandro Iandoli,29,Switzerland,Left-Back,LB,600000.0,Sint-Truiden,Belgium,0.0,in,summer,Jupiler Pro League,2013,True,free loan
Standard Liège,Birkir Bjarnason,25,Iceland,Central Midfield,CM,1000000.0,Pescara,Italy,900000.0,out,summer,Jupiler Pro League,2013,False,
Standard Liège,Yohan Tavares,25,Portugal,Centre-Back,CB,1200000.0,Chievo Verona,Italy,500000.0,out,summer,Jupiler Pro League,2013,False,
Standard Liège,George Tucudean,22,Romania,Centre-Forward,CF,1200000.0,Dinamo,Romania,150000.0,out,summer,Jupiler Pro League,2013,True,loan with fee
Standard Liège,Sinan Bolat,24,Turkey,Goalkeeper,GK,2200000.0,FC Porto,Portugal,0.0,out,summer,Jupiler Pro League,2013,False,
Standard Liège,Axel Bonemme,20,Belgium,Left-Back,LB,100000.0,AFC Tubize,Belgium,0.0,out,summer,Jupiler Pro League,2013,True,free loan
Standard Liège,Merveille Goblet,18,Belgium,Goalkeeper,GK,100000.0,AFC Tubize,Belgium,0.0,out,summer,Jupiler Pro League,2013,True,free loan
Standard Liège,Franco Zennaro,20,Belgium,Right-Back,RB,200000.0,Fortuna Sittard,Netherlands,0.0,out,summer,Jupiler Pro League,2013,True,free loan
Standard Liège,Maor Buzaglo,25,Israel,Right Winger,RW,600000.0,H. Beer Sheva,Israel,0.0,out,summer,Jupiler Pro League,2013,False,
Standard Liège,Ignacio González,31,Uruguay,Attacking Midfield,AM,800000.0,Nacional,Uruguay,0.0,out,summer,Jupiler Pro League,2013,False,
Standard Liège,Rami Gershon,24,Israel,Centre-Back,CB,1300000.0,Waasl.-Beveren,Belgium,,out,summer,Jupiler Pro League,2013,False,
Standard Liège,Laurent Henkinet,20,Belgium,Goalkeeper,GK,200000.0,Sint-Truiden,Belgium,0.0,out,summer,Jupiler Pro League,2013,True,free loan
Standard Liège,Iván Bulos,20,Peru,Centre-Forward,CF,50000.0,Sint-Truiden,Belgium,0.0,out,summer,Jupiler Pro League,2013,True,free loan
Standard Liège,Kensuke Nagai,24,Japan,Centre-Forward,CF,1000000.0,Nagoya Grampus,Japan,0.0,out,summer,Jupiler Pro League,2013,True,free loan
Standard Liège,Pierre-Yves Ngawa,21,Belgium,Right-Back,RB,400000.0,Újpest FC,Hungary,0.0,out,summer,Jupiler Pro League,2013,True,free loan
Standard Liège,Zié Diabaté,24,Cote d'Ivoire,Left-Back,LB,700000.0,Dijon,France,0.0,out,summer,Jupiler Pro League,2013,True,end of loan
Standard Liège,Adrian Cristea,29,Romania,Left Winger,LW,1000000.0,Petrolul,Romania,0.0,out,summer,Jupiler Pro League,2013,True,end of loan
Standard Liège,Loïc Nego,22,Hungary,Right-Back,RB,400000.0,AS Roma,Italy,0.0,out,summer,Jupiler Pro League,2013,True,end of loan
Standard Liège,Nebojsa Kosovic,18,Montenegro,Central Midfield,CM,500000.0,Vojvodina,Serbia,,in,winter,Jupiler Pro League,2013,False,
Standard Liège,Jean-Marc Makusu,21,DR Congo,Centre-Forward,CF,,Bel'Or Kinshasa,DR Congo,,in,winter,Jupiler Pro League,2013,False,
Standard Liège,Astrit Ajdarevic,23,Albania,Central Midfield,CM,700000.0,Charlton,England,0.0,out,winter,Jupiler Pro League,2013,True,free loan
Standard Liège,Yohann Thuram,25,Guadeloupe,Goalkeeper,GK,2000000.0,Charlton,England,0.0,out,winter,Jupiler Pro League,2013,True,free loan
Standard Liège,Alpaslan Öztürk,20,Turkey,Centre-Back,CB,1500000.0,Kasimpasa,Turkey,0.0,out,winter,Jupiler Pro League,2013,True,free loan
Standard Liège,Anil Koc,18,Turkey,Left Winger,LW,500000.0,Charlton,England,0.0,out,winter,Jupiler Pro League,2013,True,free loan
Standard Liège,Nebojsa Kosovic,18,Montenegro,Central Midfield,CM,500000.0,Újpest FC,Hungary,0.0,out,winter,Jupiler Pro League,2013,True,free loan
Standard Liège,Jean-Marc Makusu,21,DR Congo,Centre-Forward,CF,250000.0,Újpest FC,Hungary,0.0,out,winter,Jupiler Pro League,2013,True,free loan
Standard Liège,Anthony Moris,23,Luxembourg,Goalkeeper,GK,600000.0,Sint-Truiden,Belgium,0.0,out,winter,Jupiler Pro League,2013,True,free loan
Standard Liège,Dudu Biton,25,Israel,Centre-Forward,CF,1200000.0,Alcorcón,Spain,0.0,out,winter,Jupiler Pro League,2013,True,free loan
Standard Liège,Guillermo Méndez,19,Uruguay,Attacking Midfield,AM,100000.0,Alcorcón,Spain,0.0,out,winter,Jupiler Pro League,2013,True,free loan
Standard Liège,Reza Ghoochannejhad,26,Iran,Centre-Forward,CF,1200000.0,Charlton,England,,out,winter,Jupiler Pro League,2013,False,
Standard Liège,Laurent Henkinet,21,Belgium,Goalkeeper,GK,200000.0,Dessel Sport,Belgium,0.0,out,winter,Jupiler Pro League,2013,True,free loan
Waasland-Beveren,Hanan Maman,23,Israel,Attacking Midfield,AM,225000.0,Hapoel Tel Aviv,Israel,100000.0,in,summer,Jupiler Pro League,2013,False,
Waasland-Beveren,Christian Santos,25,Venezuela,Centre-Forward,CF,400000.0,KAS Eupen,Belgium,0.0,in,summer,Jupiler Pro League,2013,False,
Waasland-Beveren,Robin Henkens,24,Belgium,Central Midfield,CM,700000.0,KV Mechelen,Belgium,0.0,in,summer,Jupiler Pro League,2013,False,
Waasland-Beveren,Nicolas Godemeche,29,France,Central Midfield,CM,700000.0,CFR Cluj,Romania,0.0,in,summer,Jupiler Pro League,2013,False,
Waasland-Beveren,Robert Demjan,30,Slovakia,Centre-Forward,CF,450000.0,Podbeskidzie,Poland,0.0,in,summer,Jupiler Pro League,2013,False,
Waasland-Beveren,Jorn Vermeulen,26,Belgium,Right Midfield,RM,400000.0,OH Leuven,Belgium,0.0,in,summer,Jupiler Pro League,2013,False,
Waasland-Beveren,Kenny Steppe,24,Belgium,Goalkeeper,GK,500000.0,Heerenveen,Netherlands,0.0,in,summer,Jupiler Pro League,2013,False,
Waasland-Beveren,Milos Maric,31,Serbia,Central Midfield,CM,700000.0,KSC Lokeren,Belgium,,in,summer,Jupiler Pro League,2013,False,
Waasland-Beveren,Ivan Trickovski,26,North Macedonia,Centre-Forward,CF,1000000.0,Club Brugge,Belgium,0.0,in,summer,Jupiler Pro League,2013,True,free loan
Waasland-Beveren,Dalibor Veselinovic,25,Serbia,Centre-Forward,CF,450000.0,RSC Anderlecht,Belgium,0.0,in,summer,Jupiler Pro League,2013,True,free loan
Waasland-Beveren,Alec Luyckx,18,Belgium,Attacking Midfield,AM,,Anderlecht U19,Belgium,,in,summer,Jupiler Pro League,2013,False,
Waasland-Beveren,René Sterckx,22,Belgium,Defensive Midfield,DM,400000.0,RSC Anderlecht,Belgium,,in,summer,Jupiler Pro League,2013,False,
Waasland-Beveren,Chimezie Mbah,20,Nigeria,Defensive Midfield,DM,,Hakoah Amidar,Israel,,in,summer,Jupiler Pro League,2013,False,
Waasland-Beveren,Rami Gershon,24,Israel,Centre-Back,CB,1300000.0,Standard Liège,Belgium,,in,summer,Jupiler Pro League,2013,False,
Waasland-Beveren,Mijusko Bojovic,24,Montenegro,Centre-Back,CB,650000.0,RSC Charleroi,Belgium,,in,summer,Jupiler Pro League,2013,False,
Waasland-Beveren,Colin Coosemans,20,Belgium,Goalkeeper,GK,800000.0,Club Brugge,Belgium,,in,summer,Jupiler Pro League,2013,False,
Waasland-Beveren,Faycal Lebbihi,24,France,Right Winger,RW,,Grenoble,France,,in,summer,Jupiler Pro League,2013,False,
Waasland-Beveren,Renaud Emond,21,Belgium,Centre-Forward,CF,,RE Virton,Belgium,,in,summer,Jupiler Pro League,2013,False,
Waasland-Beveren,Aboubakar Oumarou,26,Cameroon,Centre-Forward,CF,2000000.0,Vojvodina,Serbia,,in,summer,Jupiler Pro League,2013,False,
Waasland-Beveren,Kassim Doumbia,23,Mali,Centre-Back,CB,250000.0,Hafnarfjördur,Iceland,0.0,out,summer,Jupiler Pro League,2013,False,
Waasland-Beveren,Gal Shish,24,Israel,Left-Back,LB,700000.0,Volyn Lutsk,Ukraine,0.0,out,summer,Jupiler Pro League,2013,False,
Waasland-Beveren,Alves Da Silva,29,Belgium,Central Midfield,CM,300000.0,Sint-Niklaas,Belgium,0.0,out,summer,Jupiler Pro League,2013,False,
Waasland-Beveren,Gertjan Martens,24,Belgium,Centre-Back,CB,250000.0,KV Oostende,Belgium,0.0,out,summer,Jupiler Pro League,2013,False,
Waasland-Beveren,Rachid Farssi,28,Belgium,Left Midfield,LM,600000.0,Lierse SK,Belgium,0.0,out,summer,Jupiler Pro League,2013,False,
Waasland-Beveren,Kristof Snelders,30,Belgium,Second Striker,SS,300000.0,KFC Antonia,Belgium,0.0,out,summer,Jupiler Pro League,2013,False,
Waasland-Beveren,Sam Vermeylen,22,Belgium,Goalkeeper,GK,100000.0,Berchem Sport,Belgium,0.0,out,summer,Jupiler Pro League,2013,False,
Waasland-Beveren,Kristof Lardenoit,29,Belgium,Centre-Back,CB,200000.0,KSV Temse,Belgium,0.0,out,summer,Jupiler Pro League,2013,False,
Waasland-Beveren,Aaron Verwilligen,19,Belgium,Defensive Midfield,DM,,Union SG,Belgium,0.0,out,summer,Jupiler Pro League,2013,True,free loan
Waasland-Beveren,Jurgen Cavens,34,Belgium,Centre-Forward,CF,100000.0,Royal Cappellen,Belgium,,out,summer,Jupiler Pro League,2013,False,
Waasland-Beveren,Mickaël Seoudi,27,France,Attacking Midfield,AM,350000.0,RWDM Brussels,Belgium,0.0,out,summer,Jupiler Pro League,2013,True,free loan
Waasland-Beveren,Vito Plut,25,Slovenia,Centre-Forward,CF,400000.0,Without Club,,,out,summer,Jupiler Pro League,2013,False,
Waasland-Beveren,Sébastien Didier,28,France,Centre-Forward,CF,100000.0,Without Club,,,out,summer,Jupiler Pro League,2013,False,
Waasland-Beveren,Dugary Ndabashinze,23,Burundi,Right Winger,RW,400000.0,Without Club,,,out,summer,Jupiler Pro League,2013,False,
Waasland-Beveren,Alain Mendy,23,Senegal,Central Midfield,CM,150000.0,Without Club,,,out,summer,Jupiler Pro League,2013,False,
Waasland-Beveren,Wesley Sonck,34,Belgium,Centre-Forward,CF,200000.0,Without Club,,,out,summer,Jupiler Pro League,2013,False,
Waasland-Beveren,Daniel Cruz,32,Colombia,Attacking Midfield,AM,350000.0,Retired,,,out,summer,Jupiler Pro League,2013,False,
Waasland-Beveren,Benoît Ladrière,26,Belgium,Attacking Midfield,AM,400000.0,Without Club,,,out,summer,Jupiler Pro League,2013,False,
Waasland-Beveren,Colin Coosemans,20,Belgium,Goalkeeper,GK,700000.0,Club Brugge,Belgium,0.0,out,summer,Jupiler Pro League,2013,True,end of loan
Waasland-Beveren,Franco Zennaro,20,Belgium,Right-Back,RB,200000.0,Standard Liège,Belgium,0.0,out,summer,Jupiler Pro League,2013,True,end of loan
Waasland-Beveren,Mohammad Ghadir,22,Israel,Centre-Forward,CF,450000.0,Maccabi Haifa,Israel,0.0,out,summer,Jupiler Pro League,2013,True,end of loan
Waasland-Beveren,Barak Badash,30,Israel,Centre-Forward,CF,500000.0,Kiryat Shmona,Israel,0.0,out,summer,Jupiler Pro League,2013,True,end of loan
Waasland-Beveren,Jonas Ivens,28,Belgium,Centre-Back,CB,1200000.0,FC Groningen,Netherlands,0.0,out,summer,Jupiler Pro League,2013,True,end of loan
Waasland-Beveren,Stijn De Smet,28,Belgium,Attacking Midfield,AM,600000.0,KAA Gent,Belgium,0.0,out,summer,Jupiler Pro League,2013,True,end of loan
Waasland-Beveren,Jordan Remacle,26,Belgium,Right Winger,RW,1200000.0,KAA Gent,Belgium,0.0,out,summer,Jupiler Pro League,2013,True,end of loan
Waasland-Beveren,René Sterckx,22,Belgium,Defensive Midfield,DM,600000.0,RSC Anderlecht,Belgium,0.0,out,summer,Jupiler Pro League,2013,True,end of loan
Waasland-Beveren,Mohamed Aoulad,21,Belgium,Attacking Midfield,AM,400000.0,Anderlecht U21,Belgium,0.0,out,summer,Jupiler Pro League,2013,True,end of loan
Waasland-Beveren,Reuben Gabriel,23,Nigeria,Central Midfield,CM,50000.0,Kilmarnock FC,Scotland,0.0,in,winter,Jupiler Pro League,2013,False,
Waasland-Beveren,Chimezie Mbah,21,Nigeria,Defensive Midfield,DM,100000.0,Hapoel Bnei Lod,Israel,,out,winter,Jupiler Pro League,2013,False,
Waasland-Beveren,Michael Clepkens,27,Belgium,Goalkeeper,GK,350000.0,KV Kortrijk,Belgium,,out,winter,Jupiler Pro League,2013,False,
